CBSA,MDIV
14460,14454
14460,14454
14460,14454
14460,14454
14460,15764
14460,15764
14460,15764
14460,40484
14460,40484
14460,40484
16980,16974
16980,16974
16980,16974
16980,16974
16980,16974
16980,16974
16980,16974
16980,20994
16980,20994
16980,20994
16980,23844
16980,23844
16980,23844
16980,23844
16980,23844
16980,29404
16980,29404
16980,29404
19100,19124
19100,19124
19100,19124
19100,19124
19100,19124
19100,19124
19100,19124
19100,19124
19100,23104
19100,23104
19100,23104
19100,23104
19100,23104
19100,23104
19100,23104
19820,19804
19820,19804
19820,47664
19820,47664
19820,47664
19820,47664
19820,47664
19820,47664
31080,11244
31080,11244
31080,31084
31080,31084
33100,22744
33100,22744
33100,33124
33100,33124
33100,48424
33100,48424
35620,20524
35620,20524
35620,20524
35620,35004
35620,35004
35620,35004
35620,35084
35620,35084
35620,35084
35620,35084
35620,35084
35620,35084
35620,35084
35620,35084
35620,35614
35620,35614
35620,35614
35620,35614
35620,35614
35620,35614
35620,35614
35620,35614
35620,35614
35620,35614
35620,35614
35620,35614
35620,35614
35620,35614
35620,35614
37980,15804
37980,15804
37980,15804
37980,15804
37980,33874
37980,33874
37980,33874
37980,33874
37980,37964
37980,37964
37980,37964
37980,48864
37980,48864
37980,48864
37980,48864
41860,36084
41860,36084
41860,36084
41860,41884
41860,41884
41860,41884
41860,42034
41860,42034
42660,42644
42660,42644
42660,42644
42660,45104
42660,45104
47900,43524
47900,43524
47900,43524
47900,47894
47900,47894
47900,47894
47900,47894
47900,47894
47900,47894
47900,47894
47900,47894
47900,47894
47900,47894
47900,47894
47900,47894
47900,47894
47900,47894
47900,47894
47900,47894
47900,47894
47900,47894
47900,47894
47900,47894
47900,47894
47900,47894
47900,47894
